-- phpMyAdmin SQL Dump
-- version 4.6.5.2
-- https://www.phpmyadmin.net/
--
-- Servidor: 127.0.0.1
-- Tiempo de generación: 03-11-2017 a las 14:55:37
-- Versión del servidor: 10.1.21-MariaDB
-- Versión de PHP: 5.6.30

SET SQL_MODE = "NO_AUTO_VALUE_ON_ZERO";
SET time_zone = "+00:00";


/*!40101 SET @OLD_CHARACTER_SET_CLIENT=@@CHARACTER_SET_CLIENT */;
/*!40101 SET @OLD_CHARACTER_SET_RESULTS=@@CHARACTER_SET_RESULTS */;
/*!40101 SET @OLD_COLLATION_CONNECTION=@@COLLATION_CONNECTION */;
/*!40101 SET NAMES utf8mb4 */;

--
-- Base de datos: `dbkardex`
--

-- --------------------------------------------------------

--
-- Estructura de tabla para la tabla `articulos`
--

CREATE TABLE `articulos` (
  `id` int(10) UNSIGNED NOT NULL,
  `art_codigo` varchar(50) COLLATE utf8mb4_unicode_ci NOT NULL,
  `art_descripcion` varchar(191) COLLATE utf8mb4_unicode_ci NOT NULL,
  `art_unidad` varchar(191) COLLATE utf8mb4_unicode_ci NOT NULL,
  `idproveedor` int(10) UNSIGNED NOT NULL,
  `created_at` timestamp NULL DEFAULT NULL,
  `updated_at` timestamp NULL DEFAULT NULL,
  `art_estado` tinyint(1) NOT NULL DEFAULT '1'
) ENGINE=InnoDB DEFAULT CHARSET=utf8mb4 COLLATE=utf8mb4_unicode_ci;

--
-- Volcado de datos para la tabla `articulos`
--

INSERT INTO `articulos` (`id`, `art_codigo`, `art_descripcion`, `art_unidad`, `idproveedor`, `created_at`, `updated_at`, `art_estado`) VALUES
(1, 'IC00101', 'Cigarrillos Pine Blue KSB 20s 10M', 'Cajas', 1, '2017-10-16 19:04:36', '2017-10-16 19:04:36', 1),
(2, 'IC00102', 'Cigarrillos Pine Green KSB 20s 10M', 'Cajas', 1, '2017-10-16 19:04:36', '2017-10-16 19:04:36', 1),
(3, 'IC00103', 'Cigarrillos Pine Gold KSB 20s 10M', 'Cajas', 1, '2017-10-16 19:04:36', '2017-10-16 19:04:36', 1),
(4, 'IC00104', 'Cigarrillos Pine Blue KSB 20s 10M ZFCIJ', 'Cajas', 1, '2017-10-16 19:04:36', '2017-10-16 19:04:36', 1),
(5, 'IC00105', 'Cigarrillos Pine Change KSB 20s 10M', 'Cajas', 1, '2017-10-16 19:04:36', '2017-10-16 19:04:36', 1),
(6, 'IC00106', 'Cigarrillos Pine Random Five KSB 20s 10M', 'Cajas', 1, '2017-10-16 19:04:36', '2017-10-16 19:04:36', 1),
(7, 'IC00107', 'Cigarrillos Pine Silver KSB 20s 10M', 'Cajas', 1, '2017-10-16 19:04:36', '2017-10-16 19:04:36', 1),
(8, 'IC00111', 'Cigarrillos Pine Blue KSB 10s 5M', 'Cajas', 1, '2017-10-16 19:04:36', '2017-10-16 19:04:36', 1),
(9, 'IC00112', 'Cigarrillos Pine Green KSB 10s 5M', 'Cajas', 1, '2017-10-16 19:04:36', '2017-10-16 19:04:36', 1),
(10, 'IC00113', 'Cigarrillos Pine Gold KSB 10s 5M', 'Cajas', 1, '2017-10-16 19:04:36', '2017-10-16 19:04:36', 1),
(11, 'IC00114', 'Cigarrillos Pine Blue KSB 10s 10M', 'Cajas', 1, '2017-10-16 19:04:36', '2017-10-16 19:04:36', 1),
(12, 'IC00115', 'Cigarrillos Pine Green KSB 10s 10M', 'Cajas', 1, '2017-10-16 19:04:36', '2017-10-16 19:04:36', 1),
(13, 'IC00116', 'Cigarrillos Pine Gold KSB 10s 10M', 'Cajas', 1, '2017-10-16 19:04:36', '2017-10-16 19:04:36', 1),
(14, 'IC00117', 'Cigarrillos Pine Skyblue KSB 10s 10M', 'Cajas', 1, '2017-10-16 19:04:36', '2017-10-16 19:04:36', 1),
(15, 'IC00118', 'Cigarrillos Pine Limegreen KSB 10s 10M', 'Cajas', 1, '2017-10-16 19:04:36', '2017-10-16 19:04:36', 1),
(16, 'IC00121', 'Cigarrillos Pine Kretek KSB 20s 10M', 'Cajas', 1, '2017-10-16 19:04:36', '2017-10-16 19:04:36', 1),
(17, 'IC00122', 'Cigarrillos Pine Kretek Green KSB 20s 10M', 'Cajas', 1, '2017-10-16 19:04:36', '2017-10-16 19:04:36', 1),
(18, 'IC00152', 'Cigarrillos Zest Change KSB 20s 10M', 'Cajas', 1, '2017-10-16 19:04:36', '2017-10-16 19:04:36', 1),
(19, 'IC00201', 'Cigarrillos Esse Blue Slims 20s 10M', 'Cajas', 1, '2017-10-16 19:04:36', '2017-10-16 19:04:36', 1),
(20, 'IC00202', 'Cigarrillos Esse Green Slims 20s 10M', 'Cajas', 1, '2017-10-16 19:04:36', '2017-10-16 19:04:36', 1),
(21, 'IC00203', 'Cigarrillos Esse Black Slims 20s 10M', 'Cajas', 1, '2017-10-16 19:04:36', '2017-10-16 19:04:36', 1),
(22, 'IC00204', 'Cigarrillos Esse Change Slims 20s 10M', 'Cajas', 1, '2017-10-16 19:04:36', '2017-10-16 19:04:36', 1),
(23, 'IC00205', 'Cigarrillos Esse Double Shot SS 20s 10M', 'Cajas', 1, '2017-10-16 19:04:36', '2017-10-16 19:04:36', 1),
(24, 'IC00301', 'Cigarrillos Carnival Red 100mm 20s 12M', 'Cajas', 1, '2017-10-16 19:04:36', '2017-10-16 19:04:36', 1),
(25, 'IC00302', 'Cigarrillos Carnival Green 100mm 20s 12M', 'Cajas', 1, '2017-10-16 19:04:36', '2017-10-16 19:04:36', 1),
(26, 'IC00303', 'Cigarrillos Carnival Silver 100mm 20s 12M', 'Cajas', 1, '2017-10-16 19:04:36', '2017-10-16 19:04:36', 1),
(27, 'IC00304', 'Cigarrillos Carnival Blue 100mm 20s 12M', 'Cajas', 1, '2017-10-16 19:04:36', '2017-10-16 19:04:36', 1),
(28, 'IC00305', 'Cigarrillos Carnival Silver KSB 20s 10M', 'Cajas', 1, '2017-10-16 19:04:36', '2017-10-16 19:04:36', 1),
(29, 'IC00306', 'Cigarrillos Carnival Red KSB 20s 10M', 'Cajas', 1, '2017-10-16 19:04:36', '2017-10-16 19:04:36', 1),
(30, 'IC00307', 'Cigarrillos Carnival Green KSB 20s 10M', 'Cajas', 1, '2017-10-16 19:04:36', '2017-10-16 19:04:36', 1),
(31, 'IC00308', 'Cigarrillos Carnival Blue KSB 20s 10M', 'Cajas', 1, '2017-10-16 19:04:36', '2017-10-16 19:04:36', 1),
(32, 'IC00901', 'Cigarrillos Bohem Mojito 20s 10M', 'Cajas', 1, '2017-10-16 19:04:36', '2017-10-16 19:04:36', 1),
(33, 'IC00902', 'Cigarrillos Bohem Mojito Double 20s 10M', 'Cajas', 1, '2017-10-16 19:04:36', '2017-10-16 19:04:36', 1),
(34, 'IC01501', 'Cigarrillos This Blue KSB 20s 10M', 'Cajas', 1, '2017-10-16 19:04:36', '2017-10-16 19:04:36', 1),
(35, 'IC01502', 'Cigarrillos This Green KSB 20s 10M', 'Cajas', 1, '2017-10-16 19:04:36', '2017-10-16 19:04:36', 1),
(36, 'IC01503', 'Cigarrillos This Red KSB 20s 10M', 'Cajas', 1, '2017-10-16 19:04:36', '2017-10-16 19:04:36', 1),
(37, 'IC10101', 'Cigarrillos Pine Change KSB 20s 10M BZ', 'Cajas', 1, '2017-10-16 19:04:36', '2017-10-16 19:04:36', 1),
(38, 'IC10102', 'Cigarrillos Pine Blue KSB 20s 10M BZ', 'Cajas', 1, '2017-10-16 19:04:36', '2017-10-16 19:04:36', 1),
(39, 'IC10103', 'Cigarrillos Pine Red KSB 20s 10M BZ', 'Cajas', 1, '2017-10-16 19:04:36', '2017-10-16 19:04:36', 1),
(40, 'IC10104', 'Cigarrillos Pine Green KSB 20s 10M BZ', 'Cajas', 1, '2017-10-16 19:04:36', '2017-10-16 19:04:36', 1),
(41, 'IC10105', 'Cigarrillos Pine Silver KSB 20s 10M BZ', 'Cajas', 1, '2017-10-16 19:04:36', '2017-10-16 19:04:36', 1),
(42, 'IC10106', 'Cigarrillos Pine Random Five KSB 20s 10M BZ', 'Cajas', 1, '2017-10-16 19:04:36', '2017-10-16 19:04:36', 1),
(43, 'IC10107', 'Cigarrillos Pine Double Change KSB 20s 10M BZ', 'Cajas', 1, '2017-10-16 19:04:36', '2017-10-16 19:04:36', 1),
(44, 'IC10108', 'Cigarrillos Pine Kretek KSB 20s 10M BZ', 'Cajas', 1, '2017-10-16 19:04:36', '2017-10-16 19:04:36', 1),
(45, 'IC10121', 'Cigarrillos Esse Blue SS 20s 10M BZ', 'Cajas', 1, '2017-10-16 19:04:36', '2017-10-16 19:04:36', 1),
(46, 'IC10122', 'Cigarrillos Esse Green SS 20s 10M BZ', 'Cajas', 1, '2017-10-16 19:04:36', '2017-10-16 19:04:36', 1),
(47, 'IC10131', 'Cigarrillos Esse Change Blue SS 20s 10M BZ', 'Cajas', 1, '2017-10-16 19:04:36', '2017-10-16 19:04:36', 1),
(48, 'IC10141', 'Cigarrillos Esse Double Shot SS 20s 10M BZ', 'Cajas', 1, '2017-10-16 19:04:36', '2017-10-16 19:04:36', 1),
(49, 'IC10151', 'Cigarrillos Bohem Master KSB 20s 10M BZ', 'Cajas', 1, '2017-10-16 19:04:36', '2017-10-16 19:04:36', 1);

-- --------------------------------------------------------

--
-- Estructura de tabla para la tabla `hclientes`
--

CREATE TABLE `hclientes` (
  `id` int(10) UNSIGNED NOT NULL,
  `idpcliente` int(10) UNSIGNED NOT NULL,
  `cli_ci` varchar(191) COLLATE utf8mb4_unicode_ci NOT NULL,
  `cli_exp` varchar(191) COLLATE utf8mb4_unicode_ci NOT NULL,
  `cli_nombre` varchar(191) COLLATE utf8mb4_unicode_ci NOT NULL,
  `cli_nit` varchar(191) COLLATE utf8mb4_unicode_ci NOT NULL,
  `cli_direccion` text COLLATE utf8mb4_unicode_ci NOT NULL,
  `cli_contacto` varchar(191) COLLATE utf8mb4_unicode_ci NOT NULL,
  `cli_estado` varchar(191) COLLATE utf8mb4_unicode_ci NOT NULL,
  `idregistra` int(10) UNSIGNED NOT NULL,
  `idactualiza` int(10) UNSIGNED NOT NULL,
  `created_at` timestamp NULL DEFAULT NULL,
  `updated_at` timestamp NULL DEFAULT NULL
) ENGINE=InnoDB DEFAULT CHARSET=utf8mb4 COLLATE=utf8mb4_unicode_ci;

--
-- Volcado de datos para la tabla `hclientes`
--

INSERT INTO `hclientes` (`id`, `idpcliente`, `cli_ci`, `cli_exp`, `cli_nombre`, `cli_nit`, `cli_direccion`, `cli_contacto`, `cli_estado`, `idregistra`, `idactualiza`, `created_at`, `updated_at`) VALUES
(1, 1, '1017793028', 'LP', 'ZAIRE LTDA', '107793028', 'MASTER', '0', '1', 1, 1, '2017-10-17 00:05:28', '2017-10-17 00:18:22'),
(2, 2, '3426490', 'LP', 'Miriam Alberto Ergueta', '3426490', 'Desaguadero', '0', '1', 2, 2, '2017-10-17 00:13:53', '2017-10-17 00:13:53'),
(3, 2, '2322117', 'LP', 'Carmelo Escalante Mamani', '2322117', 'Desaguadero', '0', '1', 2, 2, '2017-10-17 00:15:35', '2017-10-20 21:34:01'),
(4, 11, '4041485', 'LP', 'Mario Gonzales Rojas', '4041485', '0', '0', '1', 2, 2, '2017-10-17 00:16:39', '2017-10-26 01:07:19'),
(5, 11, '6277345', 'LP', 'Fernando Aranibar Choque', '6277345', 'Oruro', '0', '1', 2, 2, '2017-10-20 21:33:03', '2017-10-26 00:44:22'),
(6, 11, '2235913', 'LP', 'Nestor Huallpa Mendoza', '2235913', '0', '0', '1', 2, 2, '2017-10-26 00:46:01', '2017-10-26 00:46:01'),
(7, 11, '4069868', 'LP', 'Victor Hugo Ramirez Caceres', '4069868', '0', '0', '1', 2, 2, '2017-10-26 00:46:41', '2017-10-26 00:46:41'),
(8, 11, '3699307', 'LP', 'Esteban Mamani Choque', '3699307', '0', '0', '1', 2, 2, '2017-10-26 00:47:27', '2017-10-26 00:47:27'),
(9, 11, '4059822', 'LP', 'Getrudes Marlene Barco', '4059822', '0', '0', '1', 2, 2, '2017-10-26 00:51:40', '2017-10-26 00:51:40'),
(10, 11, '4068769', 'LP', 'Marcelo Rodrigo Murillo Fernandez', '4068769', '0', '0', '1', 2, 2, '2017-10-26 01:01:31', '2017-10-26 01:02:30'),
(11, 11, '3515257', 'LP', 'Marcos Rodriguez Vargas', '3515257', '0', '0', '1', 2, 2, '2017-10-26 01:02:19', '2017-10-26 01:02:19'),
(12, 11, '611846', 'LP', 'Eugenio Viza Colque', '611846', '0', '0', '1', 2, 2, '2017-10-26 01:02:58', '2017-10-26 01:02:58'),
(13, 11, '2791717', 'OR', 'Natalia Calle Calle', '2791717', '0', '0', '1', 2, 2, '2017-10-26 01:02:59', '2017-10-26 01:02:59'),
(14, 11, '624349', 'LP', 'Braulio Calle Choque', '624349', '0', '0', '1', 2, 2, '2017-10-27 17:31:25', '2017-10-27 17:31:25'),
(15, 11, '3102790', 'LP', 'Meliton Aranibar', '3102790', '0', '0', '1', 2, 2, '2017-10-27 17:32:18', '2017-10-27 17:32:18'),
(16, 11, '7289878', 'LP', 'Alfio Choque Aranibar', '7289878', '0', '0', '1', 2, 2, '2017-10-27 17:33:19', '2017-10-27 17:33:19'),
(17, 11, '1901239', 'LP', 'Alfredo Paredes Suarez', '1901239', '0', '0', '1', 2, 2, '2017-10-27 17:34:59', '2017-10-27 17:34:59'),
(18, 11, '7059784', 'LP', 'Gaby Patricia Geronimo Alanez', '7059784', '0', '0', '1', 2, 2, '2017-10-27 17:37:15', '2017-10-27 17:37:15'),
(19, 11, '7062488', 'LP', 'Maria Choque Geronimo', '7062488', '0', '0', '1', 2, 2, '2017-10-27 17:38:20', '2017-10-27 17:38:20'),
(20, 11, '5479856', 'LP', 'Justina Quispe Mamani', '5479856', '0', '0', '1', 2, 2, '2017-10-27 17:38:59', '2017-10-27 17:38:59'),
(21, 11, '3472242', 'LP', 'Jaime Benjamin Mejia Hilari', '3472242', '0', '0', '1', 2, 2, '2017-10-27 17:40:06', '2017-10-27 17:40:06'),
(22, 11, '6820327', 'LP', 'Lidia Calizaya Apaza', '6820327', '0', '0', '1', 2, 2, '2017-10-27 17:40:49', '2017-10-27 17:40:49'),
(23, 11, '2555277', 'LP', 'Doria Coronel Cortes', '2555277', '0', '0', '1', 2, 2, '2017-10-27 17:41:31', '2017-10-27 17:41:31'),
(24, 11, '6026627', 'LP', 'Celia Chipana Geronimo', '6026627', '0', '0', '1', 2, 2, '2017-10-27 17:42:08', '2017-10-27 17:42:08'),
(25, 11, '3095800', 'LP', 'Juan Luis Pocomani', '3095800', '0', '0', '1', 2, 2, '2017-10-27 17:42:50', '2017-10-27 17:42:50'),
(26, 2, '4984503', 'LP', 'Jimmy Escalante Ticona', '4984503', '0', '0', '1', 2, 2, '2017-10-27 17:46:52', '2017-10-27 17:46:52'),
(27, 2, '40485459', 'LP', 'Marianet Choque Quispe', '40485459', '0', '0', '1', 2, 2, '2017-10-27 17:47:49', '2017-10-27 17:47:49'),
(28, 2, '3340380', 'LP', 'Martin Escalante', '3340380', '0', '0', '1', 2, 2, '2017-10-27 17:48:21', '2017-10-27 17:48:21'),
(29, 2, '2634175', 'LP', 'Alicia Tarqui', '2634175', '0', '0', '1', 2, 2, '2017-10-27 17:48:55', '2017-10-27 17:48:55'),
(30, 3, '3392400', 'LP', 'Francisca Intipampa', '3392400', '0', '0', '1', 2, 2, '2017-10-27 17:50:13', '2017-10-27 17:50:13'),
(31, 3, '9895364', 'LP', 'Brenda Jhoseline Sossa Tito', '9895364', '0', '0', '1', 2, 2, '2017-10-27 17:51:01', '2017-10-27 17:51:01'),
(32, 3, '3327930', 'LP', 'Abdon Mariaca Paredes', '3327930', '0', '0', '1', 2, 2, '2017-10-27 17:51:32', '2017-10-27 18:07:39'),
(33, 3, '423330', 'LP', 'Raul Tito Mamani', '423330', '0', '0', '1', 2, 2, '2017-10-27 17:52:06', '2017-10-27 17:52:06'),
(34, 3, '4220105', 'LP', 'Tatiana Clarivel Carnon Lora', '4220105', '0', '0', '1', 2, 2, '2017-10-27 17:53:06', '2017-10-27 17:53:06'),
(35, 3, '4311457', 'LP', 'Paring Juan Paredes Pinto', '4311457', '0', '0', '1', 2, 2, '2017-10-27 17:58:47', '2017-10-27 17:58:47'),
(36, 3, '6166402', 'LP', 'Jonathan Northon Siles Carrion', '6166402', '0', '0', '1', 2, 2, '2017-10-27 17:59:56', '2017-10-27 17:59:56'),
(37, 3, '9895365', 'LP', 'Juan Apaza Velasco', '9895365', '0', '0', '1', 2, 2, '2017-10-27 18:00:47', '2017-10-27 18:00:47'),
(38, 3, '4947889', 'LP', 'Nicolasa Aruquipa', '4947889', '0', '0', '1', 2, 2, '2017-10-27 18:01:34', '2017-10-27 18:01:34'),
(39, 3, '345113', 'LP', 'Carmen Rosa Lora Quispe', '345113', '0', '0', '1', 2, 2, '2017-10-27 18:02:51', '2017-10-27 18:02:51'),
(40, 3, '366733', 'LP', 'Celsa Vasquez Aramayo', '366733', '0', '0', '1', 2, 2, '2017-10-27 18:03:29', '2017-10-27 18:03:29'),
(41, 3, '9945349', 'LP', 'Wendy Pamela Sossa Tito', '9945349', '0', '0', '1', 2, 2, '2017-10-27 18:04:47', '2017-10-27 18:04:47'),
(42, 3, '9947889', 'LP', 'Nicolasa Aruquipa Yana', '9947889', '0', '0', '1', 2, 2, '2017-10-27 18:06:09', '2017-10-27 18:06:09'),
(43, 3, '2065684', 'LP', 'Angelica Pajarito Aruquipa', '2065684', '0', '0', '1', 2, 2, '2017-10-27 18:07:10', '2017-10-27 18:07:10'),
(44, 3, '6955672', 'LP', 'Gary Oscar Tito Campos', '6955672', '0', '0', '1', 2, 2, '2017-10-27 18:08:19', '2017-10-27 18:08:19'),
(45, 3, '3356712', 'LP', 'Marina Tito Apaza', '3356712', '0', '0', '1', 2, 2, '2017-10-27 18:10:21', '2017-10-27 18:10:21'),
(46, 3, '2412331', 'LP', 'Wilma Luz Aquize Cuevas', '2412331', '0', '0', '1', 2, 2, '2017-10-27 18:11:01', '2017-10-27 18:11:01'),
(47, 3, '2673325', 'LP', 'Betty Poma Paredes', '2673325', '0', '0', '1', 2, 2, '2017-10-27 18:11:38', '2017-10-27 18:11:38'),
(48, 3, '2607908', 'LP', 'Isabel Villazante Mamani', '2607908', '0', '0', '1', 2, 2, '2017-10-27 18:12:22', '2017-10-27 18:12:22'),
(49, 3, '2696105', 'LP', 'Felix Machaca Chambi', '2696105', '0', '0', '1', 2, 2, '2017-10-27 18:12:58', '2017-10-27 18:12:58'),
(50, 3, '4251403', 'LP', 'Carlos Pomacahua Condori', '4251403', '0', '0', '1', 2, 2, '2017-10-27 18:13:52', '2017-10-27 18:13:52'),
(51, 3, '4292276', 'LP', 'Antonia Aquise de Pomacahua', '4292276', '0', '0', '1', 2, 2, '2017-10-27 18:14:26', '2017-10-27 18:14:26'),
(52, 6, '5726386', 'LP', 'Abigail Herrera Moya', '5726386', '0', '0', '1', 2, 2, '2017-10-27 18:17:22', '2017-10-27 18:17:22'),
(53, 6, '5734871', 'LP', 'Ismael Fausto Vilca', '5734871', '0', '0', '1', 2, 2, '2017-10-27 18:18:13', '2017-10-27 18:18:13'),
(54, 6, '9971504', 'LP', 'Marleni Veatriz Caballero Lanquipa', '9971504', '0', '0', '1', 2, 2, '2017-10-27 18:19:01', '2017-10-27 18:19:01'),
(55, 6, '2761033', 'LP', 'Angelica Colque Visa', '2761033', '0', '0', '1', 2, 2, '2017-10-27 18:19:42', '2017-10-27 18:19:42'),
(56, 6, '3111641', 'LP', 'Celia Cayoja', '3111641', '0', '0', '1', 2, 2, '2017-10-27 18:20:16', '2017-10-27 18:20:16'),
(57, 6, '6831595', 'LP', 'Franklin Leon', '6831595', '0', '0', '1', 2, 2, '2017-10-27 18:20:49', '2017-10-27 18:20:49'),
(58, 6, '3542127', 'LP', 'Silvia Choque Aranibar', '3542127', '0', '0', '1', 2, 2, '2017-10-27 18:21:31', '2017-10-27 18:21:31'),
(59, 6, '3523242', 'LP', 'Benito Calisaya Ajhuacho', '3523242', '0', '0', '1', 2, 2, '2017-10-27 18:22:04', '2017-10-27 18:22:04'),
(60, 6, '3524861', 'LP', 'Eugenia Choque Capuma', '3524861', '0', '0', '1', 2, 2, '2017-10-27 18:22:42', '2017-10-27 18:22:42'),
(61, 6, '7345112', 'LP', 'Irineo Condori Condori', '7345112', '0', '0', '1', 2, 2, '2017-10-27 18:26:17', '2017-10-27 18:26:17'),
(62, 6, '35088670', 'LP', 'Luis Flores Ramires', '35088670', '0', '0', '1', 2, 2, '2017-10-27 18:26:58', '2017-10-27 18:27:12'),
(63, 59, '4179789', 'LP', 'Alex Perez Schmiter', '4179789', '0', '0', '1', 2, 2, '2017-10-27 18:28:38', '2017-10-27 18:28:38'),
(64, 59, '3914960', 'LP', 'Mariela Herrera Schmiter', '3914960', '0', '0', '1', 2, 2, '2017-10-27 18:29:30', '2017-10-27 18:29:30'),
(65, 7, '026841', 'LP', 'Inosencia Vega', '026841', '0', '0', '1', 2, 2, '2017-10-27 18:30:13', '2017-10-27 18:30:13'),
(66, 7, '286894020', 'LP', 'Einlad Import S.R.L.', '286894020', '0', '0', '1', 2, 2, '2017-10-27 18:31:07', '2017-10-27 18:31:07'),
(67, 7, '6167336', 'LP', 'Carlos Juan Cardona Choque', '6167336', '0', '0', '1', 2, 2, '2017-10-27 18:31:52', '2017-10-27 18:31:52'),
(68, 7, '2408136', 'LP', 'Serapio Pilco Surco', '2408136', '0', '0', '1', 2, 2, '2017-10-27 18:32:39', '2017-10-27 18:32:39'),
(69, 7, '7094474', 'LP', 'Ivan Quispe Apaza', '7094474', '0', '0', '1', 2, 2, '2017-10-27 18:33:34', '2017-10-27 18:33:34'),
(70, 7, '6075758', 'LP', 'Ernesto Yana Aruquipa', '6075758', '0', '0', '1', 2, 2, '2017-10-27 18:34:18', '2017-10-27 18:34:18'),
(71, 7, '2036558', 'LP', 'Benedicto Huanca Mamani', '2036558', '0', '0', '1', 2, 2, '2017-10-27 18:35:00', '2017-10-27 18:35:00'),
(72, 7, '2036411', 'LP', 'Rosa Mamani Bautista', '2036411', '0', '0', '1', 2, 2, '2017-10-27 18:35:47', '2017-10-27 18:35:47'),
(73, 7, '5434852', 'LP', 'Lusmila Chaeña Capqueque', '5434852', '0', '0', '1', 2, 2, '2017-10-27 18:37:13', '2017-10-27 18:37:13'),
(74, 7, '6250773', 'LP', 'Hugo Capqueque Flores', '6250773', '0', '0', '1', 2, 2, '2017-10-27 18:38:05', '2017-10-27 18:38:05'),
(75, 7, '2422027', 'LP', 'Josefina Colque Colque', '2422027', '0', '0', '1', 2, 2, '2017-10-27 18:39:05', '2017-10-27 18:39:05'),
(76, 8, '3465824013', 'LP', 'Mendoza', '3465824013', '0', '0', '0', 2, 2, '2017-10-27 18:41:43', '2017-10-27 18:47:20'),
(77, 8, '1730405', 'LP', 'Mamani', '1730405', '0', '0', '1', 2, 2, '2017-10-27 18:42:08', '2017-10-27 18:42:08'),
(78, 8, '1730146', 'LP', 'Choque', '1730146', '0', '0', '1', 2, 2, '2017-10-27 18:42:32', '2017-10-27 18:42:32'),
(79, 8, '6750808', 'LP', 'Huayta', '6750808', '0', '0', '1', 2, 2, '2017-10-27 18:43:11', '2017-10-27 18:43:11'),
(80, 9, '3421468', 'LP', 'Torres', '3421468', '0', '0', '1', 2, 2, '2017-10-27 18:43:40', '2017-10-27 18:43:40'),
(81, 9, '4315900', 'LP', 'Sandra Salazar', '4315900', '0', '0', '1', 2, 2, '2017-10-27 18:44:12', '2017-10-27 18:44:12'),
(82, 10, '10152246', 'LP', 'Joao Paulo Mota (60000)', '10152246', '0', '0', '0', 2, 2, '2017-10-27 18:45:13', '2017-10-27 18:45:13'),
(83, 10, '2024864', 'LP', 'Rosendo Mamani', '2024864', '0', '0', '1', 2, 2, '2017-10-27 18:45:46', '2017-10-27 18:45:46'),
(84, 10, '4838813', 'LP', 'Adelaida Aquino', '4838813', '0', '0', '1', 2, 2, '2017-10-27 18:46:19', '2017-10-27 18:46:19'),
(85, 10, '4865872', 'LP', 'Maria Eugenia Aquino', '4865872', '0', '0', '1', 2, 2, '2017-10-27 18:47:05', '2017-10-27 18:47:05'),
(86, 12, '3400443', 'LP', 'Jorge Choque Tarqui', '3400443', '0', '0', '1', 2, 2, '2017-10-27 18:48:06', '2017-10-27 18:48:06'),
(87, 12, '2165433019', 'LP', 'Segundina Cerda', '2165433019', '0', '0', '0', 2, 2, '2017-10-27 18:48:46', '2017-10-27 18:48:46'),
(88, 12, '4744437', 'LP', 'Juan Leon', '4744437', '0', '0', '1', 2, 2, '2017-10-27 18:49:27', '2017-10-27 18:49:27'),
(89, 13, '3807758', 'LP', 'Dionel Herrera Mamani', '3807758', '0', '0', '1', 2, 2, '2017-10-27 18:50:19', '2017-10-27 18:50:19'),
(90, 13, '3555616', 'LP', 'Lourdes Calle Veliz', '3555616', '0', '0', '1', 2, 2, '2017-10-27 18:51:20', '2017-10-27 18:51:20'),
(91, 13, '4335955', 'LP', 'Mariela Poma', '4335955', '0', '0', '1', 2, 2, '2017-10-27 18:51:56', '2017-10-27 18:51:56'),
(92, 14, '8298776', 'LP', 'Maribel Apaza Mamani', '8298776', '0', '0', '1', 2, 2, '2017-10-27 18:52:53', '2017-10-27 18:52:53'),
(93, 14, '4207962', 'LP', 'Lidia Ramos Pando', '4207962', '0', '0', '1', 2, 2, '2017-10-27 18:53:30', '2017-10-27 18:53:30'),
(94, 14, '2444650', 'LP', 'Marcela Pando de Ramos', '2444650', '0', '0', '1', 2, 2, '2017-10-27 18:54:15', '2017-10-27 18:54:15'),
(95, 14, '1765634', 'LP', 'Roberto Ramos Pando', '1765634', '0', '0', '1', 2, 2, '2017-10-27 18:55:00', '2017-10-27 18:55:00'),
(96, 15, '10024340', 'LP', 'Ana Quispe Mamani', '10024340', '0', '0', '1', 2, 2, '2017-10-27 19:24:28', '2017-10-27 19:24:28'),
(97, 15, '13062583', 'LP', 'Franz German Soliz Palle', '13062583', '0', '0', '1', 2, 2, '2017-10-27 19:25:07', '2017-10-27 19:25:07'),
(98, 17, '7288432', 'LP', 'Daniela Perez Fernandez', '7288432', '0', '0', '1', 2, 2, '2017-10-27 19:26:02', '2017-10-27 19:26:02'),
(99, 17, '3519529', 'LP', 'Lurdes Fernandez', '3519529', '0', '0', '1', 2, 2, '2017-10-27 19:26:34', '2017-10-27 19:26:34'),
(100, 17, '7288431', 'LP', 'Kevin Perez Fernandez', '7288431', '0', '0', '1', 2, 2, '2017-10-27 19:27:04', '2017-10-27 19:27:04'),
(101, 17, '3449975', 'LP', 'Luis Tito Castro', '3449975', '0', '0', '1', 2, 2, '2017-10-27 19:28:03', '2017-10-27 19:28:03'),
(102, 17, '4046087', 'LP', 'Jimena Chambi Apaza', '4046087', '0', '0', '1', 2, 2, '2017-10-27 19:28:39', '2017-10-27 19:28:39'),
(103, 17, '3552507', 'LP', 'Reyna Margarita Beltran Paichucama', '3552507', '0', '0', '1', 2, 2, '2017-10-27 19:29:46', '2017-10-27 19:29:46'),
(104, 17, '4056623', 'LP', 'Ramiro Gilberto Gomez Quispe', '4056623', '0', '0', '1', 2, 2, '2017-10-27 19:30:23', '2017-10-27 19:30:23'),
(105, 17, '7425824', 'LP', 'Laura Adriana Portillo Beltran', '7425824', '0', '0', '1', 2, 2, '2017-10-27 19:31:05', '2017-10-27 19:31:05'),
(106, 17, '4084038', 'LP', 'Jhonatan Elvis Sandoval Choque', '4084038', '0', '0', '1', 2, 2, '2017-10-27 19:32:01', '2017-10-27 19:32:01'),
(107, 17, '4030151', 'LP', 'Alex Omar Choque Choque', '4030151', '0', '0', '1', 2, 2, '2017-10-27 19:32:43', '2017-10-27 19:32:43'),
(108, 17, '2760186', 'LP', 'Favio Otto Perez Rojas', '2760186', '0', '0', '1', 2, 2, '2017-10-27 19:35:00', '2017-10-27 19:35:00'),
(109, 18, '5138286', 'LP', 'Ivar Mamani', '5138286', '0', '0', '1', 2, 2, '2017-10-27 19:36:00', '2017-10-27 19:36:00'),
(110, 18, '1392091', 'LP', 'Elva Flores', '1392091', '0', '0', '1', 2, 2, '2017-10-27 19:36:29', '2017-10-27 19:36:29'),
(111, 18, '1396076', 'LP', 'Margarita Flores', '1396076', '0', '0', '1', 2, 2, '2017-10-27 19:37:04', '2017-10-27 19:37:04'),
(112, 19, '6113546', 'LP', 'Augusto Callejas', '6113546', '0', '0', '1', 2, 2, '2017-10-27 19:38:21', '2017-10-27 19:38:21'),
(113, 19, '4246184', 'LP', 'Rusbert Callejas', '4246184', '0', '0', '1', 2, 2, '2017-10-27 19:39:12', '2017-10-27 19:39:12'),
(114, 20, '4194518', 'LP', 'Roberto Herrera', '4194518', '0', '0', '1', 2, 2, '2017-10-27 19:40:11', '2017-10-27 19:40:11'),
(115, 20, '6116221', 'LP', 'Karina Palacios', '6116221', '0', '0', '1', 2, 2, '2017-10-27 19:40:47', '2017-10-27 19:40:47'),
(116, 21, '7309334', 'LP', 'Eliseo Canqui', '7309334', '0', '0', '1', 2, 2, '2017-10-27 19:41:32', '2017-10-27 19:41:32'),
(117, 22, '2926631', 'LP', 'Juana Velarde', '2926631', '0', '0', '1', 2, 2, '2017-10-27 19:42:28', '2017-10-27 19:42:28'),
(118, 22, '10041046', 'LP', 'Javier Bravo Huanca', '10041046', '0', '0', '1', 2, 2, '2017-10-27 19:43:20', '2017-10-27 19:43:20'),
(119, 23, '6029831', 'LP', 'Vicenta Callisaya', '6029831', '0', '0', '1', 2, 2, '2017-10-27 19:43:53', '2017-10-27 19:43:53'),
(120, 23, '8402506', 'LP', 'Luis Fernando Nina Bautista', '8402506', '0', '0', '1', 2, 2, '2017-10-27 19:44:32', '2017-10-27 19:44:32'),
(121, 23, '2024827', 'LP', 'Francisco Nina Bolo', '2024827', '0', '0', '1', 2, 2, '2017-10-27 19:45:22', '2017-10-27 19:45:22'),
(122, 24, '4942550016', 'LP', 'Bustillos', '4942550016', '0', '0', '1', 2, 2, '2017-10-27 19:46:08', '2017-10-27 19:46:08'),
(123, 25, '2692368', 'LP', 'Ramona Mamani Quispe de Aruquipa', '2692368', '0', '0', '1', 2, 2, '2017-10-27 19:47:13', '2017-10-27 19:47:13'),
(124, 25, '13117600', 'LP', 'Ignacio Corpos Ordoñesz', '13117600', '0', '0', '1', 2, 2, '2017-10-27 19:47:59', '2017-10-27 19:47:59'),
(125, 25, '520164', 'LP', 'Julia Mamani Rojas', '520164', '0', '0', '1', 2, 2, '2017-10-27 19:48:42', '2017-10-27 19:48:42'),
(126, 25, '7298811', 'LP', 'Carlos Magne', '7298811', '0', '0', '1', 2, 2, '2017-10-27 19:49:13', '2017-10-27 19:49:13'),
(127, 25, '7271542', 'LP', 'Teresa Herrera', '7271542', '0', '0', '1', 2, 2, '2017-10-27 19:50:06', '2017-10-27 19:50:06'),
(128, 25, '4047990', 'LP', 'Felix Herrera', '4047990', '0', '0', '1', 2, 2, '2017-10-27 19:50:58', '2017-10-27 19:50:58'),
(129, 26, '5735230', 'LP', 'Juan Quiroz', '5735230', '0', '0', '1', 2, 2, '2017-10-27 19:51:44', '2017-10-27 19:51:44'),
(130, 26, '7337616', 'LP', 'Rene Canqui Marca', '7337616', '0', '0', '1', 2, 2, '2017-10-27 19:52:26', '2017-10-27 19:52:26'),
(131, 26, '5759890', 'LP', 'Jhanet Canqui', '5759890', '0', '0', '1', 2, 2, '2017-10-27 19:53:20', '2017-10-27 19:53:20'),
(132, 28, '5477365', 'LP', 'Soledad Olimpia Cerda', '5477365', '0', '0', '1', 2, 2, '2017-10-27 19:54:48', '2017-10-27 19:54:48'),
(133, 28, '2165473', 'LP', 'Marcela Sinchi de Mamanio', '2165473', '0', '0', '1', 2, 2, '2017-10-27 19:55:28', '2017-10-27 19:55:28'),
(134, 28, '2122103', 'LP', 'Alejandra Cerda de Espejo', '2122103', '0', '0', '1', 2, 2, '2017-10-27 19:56:12', '2017-10-27 19:56:12'),
(135, 28, '9175994', 'LP', 'Herlan Sangueza Balderrama', '9175994', '0', '0', '1', 2, 2, '2017-10-27 19:57:04', '2017-10-27 19:57:04'),
(136, 29, '3412320', 'LP', 'Jimmy Quispe Escalante', '3412320', '0', '0', '1', 2, 2, '2017-10-27 19:58:35', '2017-10-27 19:58:35'),
(137, 30, '3315506', 'LP', 'Rene Escalante', '3315506', '0', '0', '1', 2, 2, '2017-10-27 19:59:18', '2017-10-27 19:59:18'),
(138, 29, '6925042', 'LP', 'Maria Celeste Escalante', '6925042', '0', '0', '1', 2, 2, '2017-10-27 20:00:41', '2017-10-27 20:00:41'),
(139, 31, '579944', 'LP', 'Franz  Choque Mamani', '579944', '0', '0', '1', 2, 2, '2017-10-27 20:01:36', '2017-10-27 20:01:36'),
(140, 31, '5749383', 'LP', 'Miguel Alconz Mamani', '5749383', '0', '0', '1', 2, 2, '2017-10-27 20:02:26', '2017-10-27 20:02:26'),
(141, 31, '594087', 'LP', 'Justina Condori de Pelaez', '594087', '0', '0', '1', 2, 2, '2017-10-27 20:03:10', '2017-10-27 20:03:10'),
(142, 31, '5732942', 'LP', 'Audias Ariel Pelaez Choque', '5732942', '0', '0', '1', 2, 2, '2017-10-27 20:03:54', '2017-10-27 20:03:54'),
(143, 31, '528352', 'LP', 'Jose Santos Pelaez Mamani', '528352', '0', '0', '1', 2, 2, '2017-10-27 20:04:53', '2017-10-27 20:04:53'),
(144, 31, '659128', 'LP', 'Eulogio Choque Colque', '659128', '0', '0', '1', 2, 2, '2017-10-27 20:05:36', '2017-10-27 20:05:36'),
(145, 31, '3056343', 'LP', 'Macedonio Colque Calle', '3056343', '0', '0', '1', 2, 2, '2017-10-27 20:06:13', '2017-10-27 20:06:13'),
(146, 32, '623631', 'LP', 'Filiberto Acapa Mamani', '623631', '0', '0', '1', 2, 2, '2017-10-27 20:07:30', '2017-10-27 20:07:30'),
(147, 32, '5510950', 'LP', 'Rene Mamani Toco', '5510950', '0', '0', '1', 2, 2, '2017-10-27 20:08:02', '2017-10-27 20:08:02'),
(148, 32, '2773070', 'LP', 'Romulo Mamani', '2773070', '0', '0', '1', 2, 2, '2017-10-27 20:08:41', '2017-10-27 20:08:41'),
(149, 33, '4809558', 'LP', 'Roberth Escalante', '4809558', '0', '0', '1', 2, 2, '2017-10-27 20:09:34', '2017-10-27 20:09:34'),
(150, 33, '4823540', 'LP', 'Nadia Escalante', '4823540', '0', '0', '1', 2, 2, '2017-10-27 20:10:03', '2017-10-27 20:10:03'),
(151, 33, '4911331', 'LP', 'Aramayo', '4911331', '0', '0', '1', 2, 2, '2017-10-27 20:10:31', '2017-10-27 20:10:31'),
(152, 33, '4823540', 'LP', 'Escalante', '4823540', '0', '0', '1', 2, 2, '2017-10-27 20:11:07', '2017-10-27 20:11:07'),
(153, 33, '8430227', 'LP', 'Daniela Escalante', '8430227', '0', '0', '1', 2, 2, '2017-10-27 20:11:50', '2017-10-27 20:11:50'),
(154, 34, '4259715013', 'LP', 'Comercial Brachino', '4259715013', '0', '0', '1', 2, 2, '2017-10-27 20:12:55', '2017-10-27 20:12:55'),
(155, 35, '11324260', 'LP', 'Mahicol Rios Rodriguez', '11324260', '0', '0', '1', 2, 2, '2017-10-27 20:13:43', '2017-10-27 20:13:43'),
(156, 36, '2177269', 'LP', 'Maria Ortiz Mazedo', '2177269', '0', '0', '1', 2, 2, '2017-10-27 20:14:25', '2017-10-27 20:14:25'),
(157, 36, '2067612', 'LP', 'Dionicio Ali Sillo', '2067612', '0', '0', '1', 2, 2, '2017-10-27 20:15:28', '2017-10-27 20:15:28'),
(158, 36, '48159918', 'LP', 'Esquivel Aguirre', '48159918', '0', '0', '1', 2, 2, '2017-10-27 20:16:02', '2017-10-27 20:16:02'),
(159, 36, '02001714', 'LP', 'Maruja Gonzales Flores', '02001714', '0', '0', '1', 2, 2, '2017-10-27 20:16:39', '2017-10-27 20:16:39'),
(160, 37, '6164591', 'LP', 'Edwin Hernan Arhuata Salazar', '6164591', '0', '0', '1', 2, 2, '2017-10-27 20:17:57', '2017-10-27 20:17:57'),
(161, 37, '2215417', 'LP', 'Andrea Choque Calle', '2215417', '0', '0', '1', 2, 2, '2017-10-27 20:18:36', '2017-10-27 20:18:36'),
(162, 38, '1853637', 'LP', 'Natividad Chambilla', '1853637', '0', '0', '1', 2, 2, '2017-10-27 20:19:18', '2017-10-27 20:19:18'),
(163, 38, '4745431', 'LP', 'Noemi Escalante Cerda', '4745431', '0', '0', '1', 2, 2, '2017-10-27 20:19:56', '2017-10-27 20:19:56'),
(164, 38, '4303656', 'LP', 'Roberto Gomez', '4303656', '0', '0', '1', 2, 2, '2017-10-27 20:20:28', '2017-10-27 20:20:28'),
(165, 39, '4044552', 'LP', 'Basilia Blanca Condarco Choque', '4044552', '0', '0', '1', 2, 2, '2017-10-27 20:23:05', '2017-10-27 20:23:05'),
(166, 39, '5067923', 'LP', 'Yamil Sandro Perez Chila', '5067923', '0', '0', '1', 2, 2, '2017-10-27 20:23:43', '2017-10-27 20:23:43'),
(167, 39, '624503', 'LP', 'Serapio Yucra Ayaviri', '624503', '0', '0', '1', 2, 2, '2017-10-27 20:24:34', '2017-10-27 20:24:34'),
(168, 39, '2760167', 'LP', 'Nelson Perez Rojas', '2760167', '0', '0', '1', 2, 2, '2017-10-27 20:25:10', '2017-10-27 20:25:10'),
(169, 39, '5722289', 'LP', 'Virginia Naday Yucra alcons', '5722289', '0', '0', '1', 2, 2, '2017-10-27 20:26:05', '2017-10-27 20:26:05'),
(170, 39, '3524861', 'LP', 'Eugenia Choque Capuma de Condori', '3524861', '0', '0', '1', 2, 2, '2017-10-27 20:28:12', '2017-10-27 20:28:12'),
(171, 39, '3531180', 'LP', 'Romy Aguirre Huayllani', '3531180', '0', '0', '1', 2, 2, '2017-10-27 20:29:42', '2017-10-27 20:29:42'),
(172, 40, '7413284', 'LP', 'Victor Chambi Cayoja', '7413284', '0', '0', '1', 2, 2, '2017-10-27 20:31:35', '2017-10-27 20:31:35'),
(173, 40, '5762164', 'LP', 'Yanina Calleja Calle', '5762164', '0', '0', '1', 2, 2, '2017-10-27 20:32:40', '2017-10-27 20:32:40'),
(174, 40, '7412356', 'LP', 'Javel Lazarte Calle', '7412356', '0', '0', '1', 2, 2, '2017-10-27 20:33:34', '2017-10-27 20:33:34'),
(175, 40, '7298534', 'LP', 'Mabel Lazarte Calle', '7298534', '0', '0', '1', 2, 2, '2017-10-27 20:34:32', '2017-10-27 20:34:32'),
(176, 40, '7417315', 'LP', 'Aracely Lazarte Calle', '7417315', '0', '0', '1', 2, 2, '2017-10-27 20:35:10', '2017-10-27 20:35:10'),
(177, 40, '2388367', 'LP', 'Sabina Calle Flores', '2388367', '0', '0', '1', 2, 2, '2017-10-27 20:36:03', '2017-10-27 20:36:03'),
(178, 40, '683367', 'LP', 'Sixto Lazarte Plata', '683367', '0', '0', '1', 2, 2, '2017-10-27 20:36:51', '2017-10-27 20:36:51'),
(179, 41, '3421039', 'LP', 'Isaac Montes Chuquimia', '3421039', '0', '0', '1', 2, 2, '2017-10-31 15:47:53', '2017-10-31 15:47:53'),
(180, 41, '2714495', 'LP', 'Rogelio Montes Chuquimia', '2714495', '0', '0', '1', 2, 2, '2017-10-31 15:50:40', '2017-10-31 15:50:40'),
(181, 41, '4313687', 'LP', 'Martha Miriam Paucara Vega', '4313687', '0', '0', '1', 2, 2, '2017-10-31 15:51:10', '2017-10-31 15:51:10'),
(182, 41, '3483754', 'LP', 'Virginia Mamani de Blanco', '3483754', '0', '0', '1', 2, 2, '2017-10-31 15:52:23', '2017-10-31 15:52:23'),
(183, 41, '5779820', 'LP', 'Ivan Villca', '5779820', '0', '0', '1', 2, 2, '2017-10-31 15:52:51', '2017-10-31 15:52:51'),
(184, 41, '2470569', 'LP', 'Dionicio Vega Aruquipa', '2470569', '0', '0', '1', 2, 2, '2017-10-31 15:53:30', '2017-10-31 15:53:30'),
(185, 41, '2589118014', 'LP', 'Germana Yujra Alarcon', '2589118014', '0', '0', '1', 2, 2, '2017-10-31 15:54:11', '2017-10-31 15:54:11'),
(186, 41, '98925043', 'LP', 'Patricia Alcon Caceres', '98925043', '0', '0', '1', 2, 2, '2017-10-31 15:55:03', '2017-10-31 15:55:03'),
(187, 41, '5998388', 'LP', 'Silvia Apaza', '5998388', '0', '0', '1', 2, 2, '2017-10-31 15:55:32', '2017-10-31 15:55:32'),
(188, 41, '4243958', 'LP', 'Jesus Larama Colque', '4243958', '0', '0', '1', 2, 2, '2017-10-31 15:56:06', '2017-10-31 15:56:06'),
(189, 41, '626400', 'LP', 'Andrea Challapa Contreras', '626400', '0', '0', '1', 2, 2, '2017-10-31 15:56:55', '2017-10-31 15:56:55'),
(190, 41, '12636743', 'LP', 'Alvaro Gomez Quispe', '12636743', '0', '0', '1', 2, 2, '2017-10-31 15:57:37', '2017-10-31 15:57:37'),
(191, 41, '6031289', 'LP', 'Jimena Arratia Yujra', '6031289', '0', '0', '1', 2, 2, '2017-10-31 15:58:33', '2017-10-31 15:58:33'),
(192, 42, '2761093', 'LP', 'Pedro Eracleo Plata Rojas', '2761093', '0', '0', '1', 2, 2, '2017-10-31 15:59:29', '2017-10-31 15:59:29'),
(193, 42, '4076745', 'LP', 'Ismael Roddy Sandoval Rojas', '4076745', '0', '0', '1', 2, 2, '2017-10-31 16:00:14', '2017-10-31 16:00:14'),
(194, 42, '7076744', 'LP', 'Guisenia Cecilia Sandoval Rojas', '7076744', '0', '0', '1', 2, 2, '2017-10-31 16:01:01', '2017-10-31 16:01:01'),
(195, 42, '5756682', 'LP', 'Heydi Lizbeth Bernal Veliz', '5756682', '0', '0', '1', 2, 2, '2017-10-31 16:02:20', '2017-10-31 16:02:20'),
(196, 42, '7415568', 'LP', 'Orlando Juvenal Miranda Sandoval', '7415568', '0', '0', '1', 2, 2, '2017-10-31 16:02:57', '2017-10-31 16:02:57'),
(197, 42, '7427421', 'LP', 'Cesar Fernando Ancalle Vicente', '7427421', '0', '0', '1', 2, 2, '2017-10-31 16:03:39', '2017-10-31 16:03:39'),
(198, 43, '3460620', 'LP', 'Antonio Chavez', '3460620', '0', '0', '1', 2, 2, '2017-10-31 16:04:54', '2017-10-31 16:04:54'),
(199, 43, '4772543010', 'LP', 'Edelmira Cussy', '4772543010', '0', '0', '1', 2, 2, '2017-10-31 16:05:44', '2017-10-31 16:05:44'),
(200, 43, '1810960', 'LP', 'Raul Fernandez Paz', '1810960', '0', '0', '1', 2, 2, '2017-10-31 16:06:22', '2017-10-31 16:06:22'),
(201, 45, '3979394', 'LP', 'Silvia Mamancayo Condori', '3979394', '0', '0', '1', 2, 2, '2017-10-31 16:07:28', '2017-10-31 16:07:28'),
(202, 46, '6645139', 'LP', 'Ignacia Mamani', '6645139', '0', '0', '1', 2, 2, '2017-10-31 16:08:06', '2017-10-31 16:08:06'),
(203, 46, '424936017', 'LP', 'Olaneta Crespo', '424936017', '0', '0', '1', 2, 2, '2017-10-31 16:08:42', '2017-10-31 16:08:42'),
(204, 50, '11069358', 'LP', 'Jenny Fernandez', '11069358', '0', '0', '1', 2, 2, '2017-10-31 16:09:23', '2017-10-31 16:09:23'),
(205, 51, '779967014', 'LP', 'Julia Benitez de Vargas', '779967014', '0', '0', '1', 2, 2, '2017-10-31 16:10:36', '2017-10-31 16:10:36'),
(206, 52, '2731515019', 'LP', 'Ignacia Benitez', '2731515019', '0', '0', '1', 2, 2, '2017-10-31 16:11:23', '2017-10-31 16:11:23'),
(207, 54, '3056341014', 'LP', 'Alina Condori', '3056341014', '0', '0', '1', 2, 2, '2017-10-31 16:12:03', '2017-10-31 16:12:03'),
(208, 16, '6032060013', 'LP', 'Freddy Valle', '6032060013', '0', '0', '1', 2, 2, '2017-10-31 16:12:44', '2017-10-31 16:12:44'),
(209, 14, '9087071', 'LP', 'Rosanda Patzi Tupa', '2444650', '0', '0', '1', 2, 2, '2017-10-31 16:14:48', '2017-10-31 16:14:48'),
(210, 55, '3336999', 'LP', 'Felipa Tintaya', '3336999', '0', '0', '1', 2, 2, '2017-10-31 16:15:39', '2017-10-31 16:15:39'),
(211, 55, '5967883', 'LP', 'Sirpa', '5967883', '0', '0', '1', 2, 2, '2017-10-31 16:15:59', '2017-10-31 16:15:59'),
(212, 55, '8565985', 'LP', 'Elmer Reinaga', '8565985', '0', '0', '1', 2, 2, '2017-10-31 16:16:28', '2017-10-31 16:16:28'),
(213, 55, '5568666015', 'LP', 'Lily Fernandez', '5568666015', '0', '0', '1', 2, 2, '2017-10-31 16:16:57', '2017-10-31 16:16:57'),
(214, 55, '1001131024', 'LP', 'Unicentro S.R.L', '1001131024', '0', '0', '1', 2, 2, '2017-10-31 16:17:30', '2017-10-31 16:17:30'),
(215, 56, '14416692', 'LP', 'Paula Taquilla', '14416692', '0', '0', '1', 2, 2, '2017-10-31 16:18:02', '2017-10-31 16:18:02'),
(216, 57, '8365253', 'LP', 'Roxana Ayala Chambi', '8365253', '0', '0', '1', 2, 2, '2017-10-31 16:19:26', '2017-10-31 16:19:26'),
(217, 58, '4740374', 'LP', 'Lopez', '4740374', '0', '0', '1', 2, 2, '2017-10-31 16:20:08', '2017-10-31 16:20:08'),
(218, 58, '2378375019', 'LP', 'Luigi Antezana', '2378375019', '0', '0', '1', 2, 2, '2017-10-31 16:20:56', '2017-10-31 16:20:56'),
(219, 46, '4782377', 'LP', 'Zabala', '4782377', '0', '0', '1', 2, 2, '2017-10-31 16:22:07', '2017-10-31 16:22:07'),
(220, 55, '243012026', 'LP', 'Ju Joo Andrea Lee Shin', '243012026', '0', '0', '1', 2, 2, '2017-10-31 16:22:59', '2017-10-31 16:22:59'),
(221, 14, '3395191', 'LP', 'Javier Apaza Quispe', '3395191', '0', '0', '1', 2, 2, '2017-10-31 16:23:48', '2017-10-31 16:23:48'),
(222, 14, '6919370', 'LP', 'Sulma Ticona Santos', '6919370', '0', '0', '1', 2, 2, '2017-10-31 16:24:19', '2017-10-31 16:24:19'),
(223, 14, '9267180', 'LP', 'Diana Socorre Justiniano', '9267180', '0', '0', '1', 2, 2, '2017-10-31 16:24:50', '2017-10-31 16:24:50'),
(224, 14, '8448132', 'LP', 'Lidia Ticona Santos', '8448132', '0', '0', '1', 2, 2, '2017-10-31 16:25:19', '2017-10-31 16:25:19'),
(225, 37, '13679688', 'LP', 'Marvin Gabriel Arhuata Nina', '13679688', '0', '0', '1', 2, 2, '2017-10-31 16:26:00', '2017-10-31 16:26:00'),
(226, 37, '13609352', 'LP', 'Luis Ademar Arhuata Nina', '13609352', '0', '0', '1', 2, 2, '2017-10-31 16:26:44', '2017-10-31 16:26:44'),
(227, 16, '5975011', 'LP', 'Saturnino Valle', '5975011', '0', '0', '1', 2, 2, '2017-10-31 16:27:12', '2017-10-31 16:27:12');

-- --------------------------------------------------------

--
-- Estructura de tabla para la tabla `migrations`
--

CREATE TABLE `migrations` (
  `id` int(10) UNSIGNED NOT NULL,
  `migration` varchar(191) COLLATE utf8mb4_unicode_ci NOT NULL,
  `batch` int(11) NOT NULL
) ENGINE=InnoDB DEFAULT CHARSET=utf8mb4 COLLATE=utf8mb4_unicode_ci;

--
-- Volcado de datos para la tabla `migrations`
--

INSERT INTO `migrations` (`id`, `migration`, `batch`) VALUES
(1, '2014_10_12_000000_create_users_table', 1),
(2, '2014_10_12_100000_create_password_resets_table', 1),
(3, '2017_10_13_180323_create_table_proveedor', 1),
(4, '2017_10_13_180445_create_table_articulos', 1),
(5, '2017_10_13_183235_create_table_cliente_padre', 2),
(6, '2017_10_13_183310_create_table_cliente_hijo', 2),
(7, '2017_10_13_184028_create_table_movimientos', 3),
(8, '2017_10_16_143853_add_column_estado_articulo', 4);

-- --------------------------------------------------------

--
-- Estructura de tabla para la tabla `movimientos`
--

CREATE TABLE `movimientos` (
  `id` int(10) UNSIGNED NOT NULL,
  `idarticulo` int(10) UNSIGNED NOT NULL,
  `idhcliente` int(10) UNSIGNED NOT NULL,
  `mov_factura` varchar(191) COLLATE utf8mb4_unicode_ci NOT NULL,
  `mov_entrada` int(11) NOT NULL DEFAULT '0',
  `mov_salida` int(11) NOT NULL DEFAULT '0',
  `mov_total` int(11) NOT NULL DEFAULT '0',
  `idregistra` int(10) UNSIGNED NOT NULL,
  `idactualiza` int(10) UNSIGNED NOT NULL,
  `mov_estado` tinyint(1) NOT NULL DEFAULT '1',
  `mov_obs` text COLLATE utf8mb4_unicode_ci NOT NULL,
  `created_at` timestamp NULL DEFAULT NULL,
  `updated_at` timestamp NULL DEFAULT NULL
) ENGINE=InnoDB DEFAULT CHARSET=utf8mb4 COLLATE=utf8mb4_unicode_ci;

-- --------------------------------------------------------

--
-- Estructura de tabla para la tabla `password_resets`
--

CREATE TABLE `password_resets` (
  `email` varchar(191) COLLATE utf8mb4_unicode_ci NOT NULL,
  `token` varchar(191) COLLATE utf8mb4_unicode_ci NOT NULL,
  `created_at` timestamp NULL DEFAULT NULL
) ENGINE=InnoDB DEFAULT CHARSET=utf8mb4 COLLATE=utf8mb4_unicode_ci;

--
-- Volcado de datos para la tabla `password_resets`
--

INSERT INTO `password_resets` (`email`, `token`, `created_at`) VALUES
('edwincon85@hotmail.com', '$2y$10$oi7dON/9aWYtygr5EVpm2uGuXjGDMXu/5Y0tteVMKMTBZ/NtzNJee', '2017-11-01 21:03:38'),
('sistemas@zaire.com.bo', '$2y$10$wM6g.FXZAz3Pn33Xy265Ae05IEMfEBpSdyrC3Q/t3PdpC/395LgzK', '2017-11-01 21:24:40');

-- --------------------------------------------------------

--
-- Estructura de tabla para la tabla `pclientes`
--

CREATE TABLE `pclientes` (
  `id` int(10) UNSIGNED NOT NULL,
  `cli_ci` varchar(191) COLLATE utf8mb4_unicode_ci NOT NULL,
  `cli_exp` varchar(191) COLLATE utf8mb4_unicode_ci NOT NULL,
  `cli_nombre` varchar(191) COLLATE utf8mb4_unicode_ci NOT NULL,
  `cli_nit` varchar(191) COLLATE utf8mb4_unicode_ci NOT NULL,
  `cli_direccion` text COLLATE utf8mb4_unicode_ci NOT NULL,
  `cli_contacto` varchar(191) COLLATE utf8mb4_unicode_ci NOT NULL,
  `cli_estado` varchar(191) COLLATE utf8mb4_unicode_ci NOT NULL,
  `created_at` timestamp NULL DEFAULT NULL,
  `updated_at` timestamp NULL DEFAULT NULL
) ENGINE=InnoDB DEFAULT CHARSET=utf8mb4 COLLATE=utf8mb4_unicode_ci;

--
-- Volcado de datos para la tabla `pclientes`
--

INSERT INTO `pclientes` (`id`, `cli_ci`, `cli_exp`, `cli_nombre`, `cli_nit`, `cli_direccion`, `cli_contacto`, `cli_estado`, `created_at`, `updated_at`) VALUES
(1, '1017793028', 'LP', 'ZAIRE LTDA.', '1017793028', 'MASTER', '0', '1', '2017-10-16 23:47:34', '2017-10-26 00:31:46'),
(2, '4311420', 'LP', 'Juan Carlos Escalante', '4311420', 'Plaza de la Alcaldia', '77722855', '1', '2017-10-16 23:48:50', '2017-10-27 18:33:56'),
(3, '0', 'LP', 'Sonia Tito', '0', 'Zona Rio Seco Calle C N° 23114', '76570175', '1', '2017-10-26 00:33:20', '2017-10-27 18:36:18'),
(4, '0', 'LP', 'Francisco Arteaga', '0', 'Calle Beni Esq. Tarija', '71025780', '1', '2017-10-26 00:34:19', '2017-10-27 18:37:12'),
(5, '0', 'LP', 'Justino Luizaga', '0', 'Av. Alto de la Alianza', '76640200', '1', '2017-10-26 00:34:45', '2017-10-27 18:38:10'),
(6, '3525518', 'LP', 'Nemia Moya Colque', '3525518', 'Calle Salamanca N° 22', '70425654', '1', '2017-10-26 00:36:02', '2017-10-27 18:39:26'),
(7, '2591664', 'LP', 'Fidelia Huiza', '2591664', 'Calle Rio Verde N°12', '71520510', '1', '2017-10-26 00:37:56', '2017-10-27 18:40:58'),
(8, '3465824', 'LP', 'Oscar Mendoza', '3465824', 'Desaguadero', '76597700', '1', '2017-10-26 00:39:25', '2017-10-27 18:52:52'),
(9, '3456236', 'LP', 'Henry Mamani', '3456236', 'Desaguadero', '77721095', '1', '2017-10-26 00:40:13', '2017-10-27 18:53:19'),
(10, '4339943', 'LP', 'Ruddy Mamani', '4339943', 'Desaguadero', '76508000', '1', '2017-10-26 00:41:16', '2017-10-27 18:54:03'),
(11, '3115209', 'OR', 'German Aranibar', '3115209', 'Oruro', '72460077', '1', '2017-10-26 00:47:34', '2017-10-27 18:31:02'),
(12, '2165433', 'LP', 'Segundina Cerda', '2165433', 'Av. 16 de Julio', '0', '1', '2017-10-27 18:55:07', '2017-10-27 18:55:07'),
(13, '0', 'LP', 'Martha Poma', '0', 'Canchon Garcilazo', '73742713', '1', '2017-10-27 18:56:35', '2017-10-27 18:56:35'),
(14, '2265094', 'LP', 'Rafael Felix Ramos Quispe', '2265094', 'Carretera a Porvenir Altura 28', '72939128', '1', '2017-10-27 15:17:40', '2017-10-27 15:17:40'),
(15, '6846716', 'LP', 'Richard Soliz Palle', '6846716', 'Cobija', '74757441', '1', '2017-10-27 15:19:05', '2017-10-27 15:19:05'),
(16, '6032060', 'LP', 'Freddy Zenon Valle Pari', '6032060', 'Cobija', '0', '1', '2017-10-27 15:20:59', '2017-10-27 15:20:59'),
(17, '3517779', 'LP', 'Misael Perez', '3517779', 'Germania Esq. America Nº 213', '60400900', '1', '2017-10-27 15:22:34', '2017-10-27 15:22:34'),
(18, '0', 'LP', 'Juan Pita', '0', '0', '0', '1', '2017-10-27 15:23:40', '2017-10-27 15:23:40'),
(19, '6113546', 'LP', 'Edy Callejas', '6113546', 'Av. Arica Esq. Calle 11 Nº108A', '73717888', '1', '2017-10-27 15:25:30', '2017-10-27 15:25:30'),
(20, '67599463', 'LP', 'Maria Torrez', '67599463', 'Calle Tarija Frente al Mercado Central', '67594463', '1', '2017-10-27 15:27:15', '2017-10-27 15:27:15'),
(21, '5759890', 'LP', 'Jhaneth Canqui Marca', '5759890', 'Patacamaya Calle Pando Nº 559', '75406340', '1', '2017-10-27 15:29:37', '2017-10-27 15:29:37'),
(22, '2123497', 'LP', 'Concepcion Nina', '2123497', 'Desaguadero', '71221314', '1', '2017-10-27 15:31:11', '2017-10-27 15:31:11'),
(23, '2301879', 'LP', 'Felicidad Huayta Cerda', '2301879', 'B. Barrientos', '71577251', '1', '2017-10-27 15:32:21', '2017-10-27 15:32:21'),
(24, '0', 'LP', 'Henry Bustillos', '0', 'Calle Ichilo Nº 58', '73928372', '1', '2017-10-27 15:33:29', '2017-10-27 15:33:29'),
(25, '4366096', 'LP', 'Braulio Herrera', '4366096', 'C/ Pagador Nº S/N', '67262009', '1', '2017-10-27 15:35:04', '2017-10-27 15:35:04'),
(26, '2756218', 'LP', 'Justina Marca', '2756218', 'Calle 3 (Inmediaciones Venta de Llantas ) Villa Santiago II', '76594915', '1', '2017-10-27 15:36:54', '2017-10-27 15:36:54'),
(27, '1367742', 'LP', 'Ramiro Peñaranda', '1367742', 'Calle Yotau Nº 38 La Ramada', '0', '1', '2017-10-27 15:38:25', '2017-10-27 15:38:25'),
(28, '2631564', 'LP', 'Claudio Cerda', '2631564', 'Calle Bolivar Desaguadero', '71201861', '1', '2017-10-27 15:39:59', '2017-10-27 15:39:59'),
(29, '6925041', 'LP', 'Jhoseline Escalante', '6925041', 'Av. Panamericana s/n Frente a Migraciones', '76713914', '1', '2017-10-27 15:42:39', '2017-10-27 15:42:39'),
(30, '6890041', 'LP', 'Elizabeth Limachi', '6890041', 'Av. Panamericana Frente a Senasag S/N', '72008363', '1', '2017-10-27 15:44:12', '2017-10-27 15:44:12'),
(31, '3532981', 'LP', 'Margarita Choque', '3532981', 'C/ Capitan Barring y Vicuña B. Nº 20', '73831479', '1', '2017-10-27 15:45:29', '2017-10-27 15:45:29'),
(32, '2895739', 'LP', 'Elsa Alconz', '2895739', 'C/ Tomas Frias Nº 2736', '74122980', '1', '2017-10-27 15:47:00', '2017-10-27 15:47:00'),
(33, '0', 'LP', 'Maruja Blanco', '0', 'Virupaya', '+519 99993513', '1', '2017-10-27 15:49:03', '2017-10-27 15:49:03'),
(34, '0', 'LP', 'Braulio Chino', '0', 'Av. Principal Arroyo Concepcion', '67809901', '1', '2017-10-27 15:50:34', '2017-10-27 15:50:34'),
(35, '6273901', 'LP', 'Maribel Calizaya', '6273901', 'Av. Principal Arroyo Concepcion', '67869996', '1', '2017-10-27 15:51:34', '2017-10-27 15:51:34'),
(36, '3134279', 'LP', 'Balbina Cornelia  Villa Ortiz', '3134279', 'Av. Buenos Aires y Gallardo Nº 1004 La Paz', '59105992735', '1', '2017-10-27 15:53:11', '2017-10-27 15:53:11'),
(37, '4783542', 'LP', 'Maria Nina', '4783542', 'Av. Heroes del Pacifico Nº 1749', '74915721', '1', '2017-10-27 15:54:18', '2017-10-27 15:54:18'),
(38, '2493170', 'LP', 'Lucia Cerda', '2493170', 'Desaguadero', '74069642', '1', '2017-10-27 15:55:08', '2017-10-27 15:55:08'),
(39, '4042896', 'LP', 'Galio Aguirre', '4042896', 'Av. America Esq. Pasaje Cap.', '68293007', '1', '2017-10-27 15:56:37', '2017-10-27 15:56:37'),
(40, '5743612', 'LP', 'Milan Lazarte', '5743612', 'Av. de Dehene Calle Pedro Barrau Nº 90', '60416843', '1', '2017-10-27 15:57:54', '2017-10-27 15:57:54'),
(41, '467624', 'LP', 'Juana Vega', '467624', 'La Paz', '71570302', '1', '2017-10-27 15:58:42', '2017-10-27 15:58:42'),
(42, '4076745', 'LP', 'Ismael Sandoval', '4076745', 'Av. Villazon Calle Eliodoro Quiroga Nº 252', '74235834', '1', '2017-10-27 16:00:11', '2017-10-27 16:00:11'),
(43, '0', 'LP', 'Isabel Plata', '0', 'Bermejo', '71947414', '1', '2017-10-27 16:00:54', '2017-10-27 16:00:54'),
(44, '0', 'LP', 'Leonardo Quispe', '0', 'La Chalana', '67810196', '1', '2017-10-27 16:02:24', '2017-10-27 16:02:24'),
(45, '5657010', 'LP', 'Dionicio Huanca', '5657010', 'Mercado Moto Mendez Calle Cbba. entre Jose Acha y Ameller Bermejo', '74526615', '1', '2017-10-27 16:04:16', '2017-10-27 16:04:16'),
(46, '3714034', 'LP', 'Mariano Tintaya', '3714034', 'Calle Topater Nº 523', '73868333', '1', '2017-10-27 16:05:17', '2017-10-27 16:05:17'),
(47, '35837857', 'LP', 'Diego Jerez', '35837857', 'Feria de Oran', '+549 3878311727', '1', '2017-10-27 16:06:27', '2017-10-27 16:06:27'),
(48, '3398152', 'LP', 'Edgar Tito', '3398152', 'Calle Colorados S/N', '71890111', '1', '2017-10-27 16:07:40', '2017-10-27 16:07:40'),
(49, '0', 'LP', 'Renato Gutierrez', '0', 'Bermejo', '76180255', '1', '2017-10-27 16:11:10', '2017-10-27 16:11:10'),
(50, '4365027', 'LP', 'Mario Callejas', '4365027', 'Oruro', '72074843', '1', '2017-10-27 16:12:18', '2017-10-27 16:12:18'),
(51, '0', 'LP', 'FranKlin Vargas Benitez', '0', 'Av. Internacional Cobija', '71516281', '1', '2017-10-27 16:14:16', '2017-10-27 16:14:16'),
(52, '0', 'LP', 'Silverio Saire', '0', 'Av. Internacional Cobija', '76103842', '1', '2017-10-27 16:15:27', '2017-10-27 16:15:27'),
(53, '0', 'LP', 'Bertha Cachaca de Benitez', '0', 'Av. Internacional Cobija', '72911999', '1', '2017-10-27 16:16:26', '2017-10-27 16:16:26'),
(54, '0', 'LP', 'Julio Benitez', '0', 'Av. Internacional Cobija', '72915101', '1', '2017-10-27 16:17:12', '2017-10-27 16:17:12'),
(55, '0', 'LP', 'Genoveva Chipana', '0', 'Calle Illampu Nº 706 La Paz', '65549795', '1', '2017-10-27 16:18:49', '2017-10-27 16:18:49'),
(56, '0', 'LP', 'Paulina Morales', '0', 'Av. 16 de Julio Nº 16', '77502382', '1', '2017-10-27 16:20:16', '2017-10-27 16:20:16'),
(57, '0', 'LP', 'Victoria Cordova', '0', 'Av. 16 de Julio S/N', '78875083', '1', '2017-10-27 16:21:02', '2017-10-27 16:21:02'),
(58, '0', 'LP', 'Estela Conde', '0', 'Av. Julio Cesar Valdes Nº 2010', '71904721', '1', '2017-10-27 16:22:12', '2017-10-27 16:22:12'),
(59, '1687965', 'LP', 'Irma Gallardo', '1687965', 'Guayaramerin', '74717943', '1', '2017-10-27 16:23:57', '2017-10-27 16:23:57');

-- --------------------------------------------------------

--
-- Estructura de tabla para la tabla `proveedores`
--

CREATE TABLE `proveedores` (
  `id` int(10) UNSIGNED NOT NULL,
  `pro_codigo` varchar(50) COLLATE utf8mb4_unicode_ci NOT NULL,
  `pro_nombre` varchar(191) COLLATE utf8mb4_unicode_ci NOT NULL,
  `pro_estado` tinyint(1) NOT NULL DEFAULT '1',
  `created_at` timestamp NULL DEFAULT NULL,
  `updated_at` timestamp NULL DEFAULT NULL
) ENGINE=InnoDB DEFAULT CHARSET=utf8mb4 COLLATE=utf8mb4_unicode_ci;

--
-- Volcado de datos para la tabla `proveedores`
--

INSERT INTO `proveedores` (`id`, `pro_codigo`, `pro_nombre`, `pro_estado`, `created_at`, `updated_at`) VALUES
(1, 'PCG002', 'KORTABACO KT&G', 1, '2017-10-16 18:06:05', '2017-10-16 23:46:15');

-- --------------------------------------------------------

--
-- Estructura de tabla para la tabla `users`
--

CREATE TABLE `users` (
  `id` int(10) UNSIGNED NOT NULL,
  `us_nombre` varchar(191) COLLATE utf8mb4_unicode_ci NOT NULL,
  `us_paterno` varchar(191) COLLATE utf8mb4_unicode_ci NOT NULL,
  `us_materno` varchar(191) COLLATE utf8mb4_unicode_ci NOT NULL,
  `us_genero` varchar(191) COLLATE utf8mb4_unicode_ci NOT NULL,
  `email` varchar(100) COLLATE utf8mb4_unicode_ci NOT NULL,
  `us_cuenta` varchar(191) COLLATE utf8mb4_unicode_ci NOT NULL,
  `us_tipo` enum('ADMINISTRADOR','ALMACEN','VENTA','GERENTE') COLLATE utf8mb4_unicode_ci NOT NULL,
  `password` varchar(191) COLLATE utf8mb4_unicode_ci NOT NULL,
  `us_estado` tinyint(1) NOT NULL DEFAULT '1',
  `us_obs` text COLLATE utf8mb4_unicode_ci NOT NULL,
  `remember_token` varchar(100) COLLATE utf8mb4_unicode_ci DEFAULT NULL,
  `created_at` timestamp NULL DEFAULT NULL,
  `updated_at` timestamp NULL DEFAULT NULL
) ENGINE=InnoDB DEFAULT CHARSET=utf8mb4 COLLATE=utf8mb4_unicode_ci;

--
-- Volcado de datos para la tabla `users`
--

INSERT INTO `users` (`id`, `us_nombre`, `us_paterno`, `us_materno`, `us_genero`, `email`, `us_cuenta`, `us_tipo`, `password`, `us_estado`, `us_obs`, `remember_token`, `created_at`, `updated_at`) VALUES
(1, 'Edwin', 'Ajahuanca', 'Callisaya', 'Masculino', 'sistemas@zaire.com.bo', 'edwin.ajahuanca', 'ADMINISTRADOR', '$2y$10$dQi/onYdvIIB3rd/HDiTG.JiWmkCwDGqJ5kiQS30lQUGL99OWWrxW', 1, '-', 'Q1Tb9dTwSBsuFiRDP9OgFxgkNbSHYG0Vb5DHHneFI2qEOCDpj5K70YPYtYht', '2017-10-09 04:00:00', '2017-11-01 14:02:40'),
(2, 'Carla Jenny', 'Soliz', 'Fernandez', 'Femenina', 'ventaslp@zaire.com.bo', 'carla.soliz', 'VENTA', '$2y$10$Gy2j5ob9Ap7oq6b1aW32juZ7Zw48JmGIaeWa5MkOV2nWeMhir6Ty6', 1, '', '0Qvb08gvXPyuFAjcsQJHDxfebbocDyFmH8ydrlUscbcuMiyLKOSqRKMx0XlB', '2017-10-09 04:00:00', '2017-10-09 04:00:00'),
(3, 'Jose', 'Poma', 'Quispe', 'Masculino', 'jose.poma@zaire.com.bo', 'jose.poma', 'ALMACEN', '$2y$10$Gy2j5ob9Ap7oq6b1aW32juZ7Zw48JmGIaeWa5MkOV2nWeMhir6Ty6', 1, '-', NULL, '2017-10-10 04:00:00', '2017-10-10 04:00:00'),
(4, 'Iver Ivan', 'Perez', 'Honorio', 'Masculino', 'iver.perez@zaire.com.bo', 'iver.perez', 'GERENTE', '$2y$10$Gy2j5ob9Ap7oq6b1aW32juZ7Zw48JmGIaeWa5MkOV2nWeMhir6Ty6', 1, '-', NULL, '2017-10-10 04:00:00', '2017-10-10 04:00:00'),
(5, 'Mercedes Amparo', 'Gutierrez', 'Alvarez', 'Femenina', 'mercedes.gutierrez@zaire.com.bo', 'mercedes.gutierrez', 'VENTA', '$2y$10$BEOcCFYScFWqM9n4bCtzeuWMVg0MyDbr/M1UK9btdd./U/siKKfhS', 0, '-', NULL, '2017-10-31 18:09:21', '2017-10-31 20:38:21');

--
-- Índices para tablas volcadas
--

--
-- Indices de la tabla `articulos`
--
ALTER TABLE `articulos`
  ADD PRIMARY KEY (`id`),
  ADD UNIQUE KEY `articulos_art_codigo_unique` (`art_codigo`),
  ADD KEY `articulos_idproveedor_foreign` (`idproveedor`);

--
-- Indices de la tabla `hclientes`
--
ALTER TABLE `hclientes`
  ADD PRIMARY KEY (`id`),
  ADD KEY `hclientes_idpcliente_foreign` (`idpcliente`),
  ADD KEY `hclientes_idregistra_foreign` (`idregistra`),
  ADD KEY `hclientes_idactualiza_foreign` (`idactualiza`);

--
-- Indices de la tabla `migrations`
--
ALTER TABLE `migrations`
  ADD PRIMARY KEY (`id`);

--
-- Indices de la tabla `movimientos`
--
ALTER TABLE `movimientos`
  ADD PRIMARY KEY (`id`),
  ADD KEY `movimientos_idarticulo_foreign` (`idarticulo`),
  ADD KEY `movimientos_idhcliente_foreign` (`idhcliente`),
  ADD KEY `movimientos_idregistra_foreign` (`idregistra`),
  ADD KEY `movimientos_idactualiza_foreign` (`idactualiza`);

--
-- Indices de la tabla `password_resets`
--
ALTER TABLE `password_resets`
  ADD KEY `password_resets_email_index` (`email`);

--
-- Indices de la tabla `pclientes`
--
ALTER TABLE `pclientes`
  ADD PRIMARY KEY (`id`);

--
-- Indices de la tabla `proveedores`
--
ALTER TABLE `proveedores`
  ADD PRIMARY KEY (`id`),
  ADD UNIQUE KEY `proveedores_pro_codigo_unique` (`pro_codigo`);

--
-- Indices de la tabla `users`
--
ALTER TABLE `users`
  ADD PRIMARY KEY (`id`),
  ADD UNIQUE KEY `users_email_unique` (`email`);

--
-- AUTO_INCREMENT de las tablas volcadas
--

--
-- AUTO_INCREMENT de la tabla `articulos`
--
ALTER TABLE `articulos`
  MODIFY `id` int(10) UNSIGNED NOT NULL AUTO_INCREMENT, AUTO_INCREMENT=50;
--
-- AUTO_INCREMENT de la tabla `hclientes`
--
ALTER TABLE `hclientes`
  MODIFY `id` int(10) UNSIGNED NOT NULL AUTO_INCREMENT, AUTO_INCREMENT=228;
--
-- AUTO_INCREMENT de la tabla `migrations`
--
ALTER TABLE `migrations`
  MODIFY `id` int(10) UNSIGNED NOT NULL AUTO_INCREMENT, AUTO_INCREMENT=9;
--
-- AUTO_INCREMENT de la tabla `movimientos`
--
ALTER TABLE `movimientos`
  MODIFY `id` int(10) UNSIGNED NOT NULL AUTO_INCREMENT, AUTO_INCREMENT=14;
--
-- AUTO_INCREMENT de la tabla `pclientes`
--
ALTER TABLE `pclientes`
  MODIFY `id` int(10) UNSIGNED NOT NULL AUTO_INCREMENT, AUTO_INCREMENT=60;
--
-- AUTO_INCREMENT de la tabla `proveedores`
--
ALTER TABLE `proveedores`
  MODIFY `id` int(10) UNSIGNED NOT NULL AUTO_INCREMENT, AUTO_INCREMENT=2;
--
-- AUTO_INCREMENT de la tabla `users`
--
ALTER TABLE `users`
  MODIFY `id` int(10) UNSIGNED NOT NULL AUTO_INCREMENT, AUTO_INCREMENT=6;
--
-- Restricciones para tablas volcadas
--

--
-- Filtros para la tabla `articulos`
--
ALTER TABLE `articulos`
  ADD CONSTRAINT `articulos_idproveedor_foreign` FOREIGN KEY (`idproveedor`) REFERENCES `proveedores` (`id`);

--
-- Filtros para la tabla `hclientes`
--
ALTER TABLE `hclientes`
  ADD CONSTRAINT `hclientes_idactualiza_foreign` FOREIGN KEY (`idactualiza`) REFERENCES `users` (`id`),
  ADD CONSTRAINT `hclientes_idpcliente_foreign` FOREIGN KEY (`idpcliente`) REFERENCES `pclientes` (`id`),
  ADD CONSTRAINT `hclientes_idregistra_foreign` FOREIGN KEY (`idregistra`) REFERENCES `users` (`id`);

--
-- Filtros para la tabla `movimientos`
--
ALTER TABLE `movimientos`
  ADD CONSTRAINT `movimientos_idactualiza_foreign` FOREIGN KEY (`idactualiza`) REFERENCES `users` (`id`),
  ADD CONSTRAINT `movimientos_idarticulo_foreign` FOREIGN KEY (`idarticulo`) REFERENCES `articulos` (`id`),
  ADD CONSTRAINT `movimientos_idhcliente_foreign` FOREIGN KEY (`idhcliente`) REFERENCES `hclientes` (`id`),
  ADD CONSTRAINT `movimientos_idregistra_foreign` FOREIGN KEY (`idregistra`) REFERENCES `users` (`id`);

/*!40101 SET CHARACTER_SET_CLIENT=@OLD_CHARACTER_SET_CLIENT */;
/*!40101 SET CHARACTER_SET_RESULTS=@OLD_CHARACTER_SET_RESULTS */;
/*!40101 SET COLLATION_CONNECTION=@OLD_COLLATION_CONNECTION */;
